sid,name,email,phone
1101,Brenda,bba@aol.com,829
1102,Paul,cca@gmail.com,431
1103,Nancy,ccc@gmail.com,166
1104,Jessie,caa@hotmail.com,445
1105,John,caa@mail.com,822
1106,Thomas,ccc@hotmail.com,589
1107,Frances,bba@aol.com,743
1108,Monica,ccb@hotmail.com,637
1109,Michael,bcb@hotmail.com,129
1110,Hilton,cac@gmail.com,636
1111,Kenneth,cbc@yahoo.com,565
1112,Dorothy,abb@yahoo.com,462
1113,Albert,ccc@mail.com,446
1114,Daniel,aca@mail.kz,231
1115,Catherine,cac@mail.com,665
1116,David,abb@yahoo.com,516
1117,Jessie,cba@mail.com,679
1118,Jose,bab@aol.com,859
1119,Nicole,bab@mail.kz,211
1120,Tina,aac@mail.kz,620
1121,Janet,bcc@mail.com,532
1122,Emily,caa@aol.com,728
1123,Charles,abb@mail.com,864
1124,Hannah,bca@aol.com,143
1125,Jessica,abb@yahoo.com,463
1126,Michael,cac@mail.com,581
1127,Eric,aac@mail.com,536
1128,Bonnie,bab@hotmail.com,554
1129,Esther,bab@aol.com,170
1130,Carl,abb@gmail.com,626
1131,Joel,caa@mail.com,222
1132,Jason,ccc@mail.com,235
1133,Lila,bcb@yahoo.com,944
1134,Duncan,bcc@mail.com,799
1135,Octavio,aab@gmail.com,654
1136,Jason,acb@aol.com,247
1137,Laurie,cab@hotmail.com,161
1138,Phillip,bab@aol.com,320
1139,Lamar,baa@mail.kz,872
1140,Velma,aaa@mail.kz,435
1141,Ida,abb@hotmail.com,363
1142,Jesse,ccb@aol.com,252
1143,Mark,caa@gmail.com,245
1144,Lonnie,acb@gmail.com,209
1145,Robert,cac@yahoo.com,351
1146,Rebecca,cca@aol.com,382
1147,Ricardo,cab@mail.com,536
1148,Kelly,aba@mail.com,652
1149,Brittany,cac@hotmail.com,276
1150,Courtney,bcc@gmail.com,510
1151,Denise,bba@aol.com,429
1152,Kimberly,bab@yahoo.com,404
1153,Patricia,cba@aol.com,562
1154,Mary,cca@mail.kz,643
1155,John,bcb@mail.com,330
1156,Timothy,bcb@aol.com,824
1157,Bryant,ccc@aol.com,640
1158,Bridgette,abc@mail.kz,336
1159,Susan,cca@hotmail.com,507
1160,Roberto,abb@mail.com,727
1161,David,cbc@hotmail.com,462
1162,Marla,aca@gmail.com,642
1163,Carolyne,ccb@gmail.com,938
1164,Diane,cbb@mail.com,662
1165,Beulah,bcc@aol.com,419
1166,George,acb@yahoo.com,103
1167,Mark,abb@hotmail.com,751
1168,Zachary,bcc@yahoo.com,186
1169,Jeffrey,ccb@gmail.com,484
1170,Alta,ccb@mail.kz,322
1171,Larry,bca@gmail.com,277
1172,Richard,cba@mail.com,780
1173,Lee,cac@mail.com,524
1174,Martha,aaa@yahoo.com,725
1175,Mary,aca@aol.com,168
1176,Linda,cba@aol.com,199
1177,Manuel,bcb@mail.com,948
1178,Otto,ccb@hotmail.com,479
1179,Shannon,ccc@yahoo.com,154
1180,Heather,cab@yahoo.com,328
1181,Robbie,bca@hotmail.com,842
1182,Louise,cac@aol.com,913
1183,Irma,aaa@aol.com,903
1184,Margaret,bca@mail.kz,528
1185,Ashley,abc@hotmail.com,773
1186,Alyssa,bca@yahoo.com,362
1187,John,aaa@aol.com,556
1188,Marjorie,acc@mail.kz,482
1189,Sandy,ccc@yahoo.com,828
1190,Frank,cac@mail.com,266
1191,Aline,bbc@yahoo.com,510
1192,Julie,abb@gmail.com,295
1193,Joseph,aba@gmail.com,183
1194,Kathleen,bca@aol.com,305
1195,Milton,abb@aol.com,896
1196,Christine,bac@hotmail.com,610
1197,Cynthia,bcc@mail.kz,925
1198,Mattie,cba@mail.com,754
1199,Maurice,bac@gmail.com,290
1200,Robert,cac@mail.kz,620
1201,Judy,abc@yahoo.com,515
1202,Betty,abc@gmail.com,120
1203,Deborah,bbc@yahoo.com,228
1204,Diana,bbc@yahoo.com,802
1205,Bryant,cab@aol.com,548
1206,Woodrow,ccc@hotmail.com,954
1207,Herbert,caa@mail.com,741
1208,Sarah,ccb@aol.com,727
1209,Angel,abc@aol.com,141
1210,Marc,caa@aol.com,726
1211,Rosendo,abb@aol.com,931
1212,Gary,aac@yahoo.com,533
1213,Nicole,cba@aol.com,152
1214,Steven,acc@yahoo.com,236
1215,David,aca@gmail.com,808
1216,Jack,aaa@mail.kz,451
1217,Kyle,aca@mail.com,993
1218,Gabriel,bca@mail.kz,981
1219,Brandi,bcc@aol.com,660
1220,Jason,bca@mail.com,277
1221,Paul,abb@mail.com,846
1222,Ruthie,cba@gmail.com,422
1223,Marion,bab@gmail.com,497
1224,Margret,bbb@gmail.com,709
1225,Kimberly,acb@gmail.com,139
1226,Ying,aab@mail.com,958
1227,Clifton,bbc@gmail.com,443
1228,Terry,aaa@hotmail.com,486
1229,David,ccc@mail.kz,480
1230,Felix,bcc@aol.com,893
1231,Zackary,bab@aol.com,926
1232,Lori,cca@gmail.com,840
1233,John,cba@gmail.com,700
1234,Lola,cbc@gmail.com,970
1235,Kathleen,aac@mail.com,738
1236,Sylvia,cbc@gmail.com,466
1237,Jay,baa@mail.com,479
1238,Pamela,aba@hotmail.com,334
1239,Glenda,cbb@hotmail.com,953
1240,Verla,bab@hotmail.com,884
1241,Jason,bab@yahoo.com,217
1242,Virginia,cbb@hotmail.com,664
1243,Raymond,abc@yahoo.com,371
1244,Mark,ccc@mail.com,644
1245,Ashley,cba@aol.com,231
1246,Cheryl,abc@aol.com,958
1247,Vina,baa@aol.com,124
1248,Jared,aca@mail.kz,755
1249,Phyllis,bac@hotmail.com,150
1250,Cyndy,bbc@aol.com,659
1251,Francis,aca@gmail.com,956
1252,Patricia,aab@aol.com,498
1253,Joey,aaa@gmail.com,956
1254,Manuel,ccb@yahoo.com,375
1255,Danielle,cba@mail.com,253
1256,Dorothy,caa@gmail.com,753
1257,Adam,cac@hotmail.com,757
1258,Richard,bab@gmail.com,182
1259,Linda,aba@aol.com,352
1260,Ulysses,bcb@aol.com,154
1261,John,cbb@yahoo.com,664
1262,Catherine,cbc@hotmail.com,130
1263,Tommy,bba@aol.com,451
1264,Barbara,cbc@aol.com,713
1265,John,bcc@mail.com,701
1266,Tammy,cba@gmail.com,173
1267,Gregory,aca@yahoo.com,601
1268,Jalisa,cbc@mail.kz,419
1269,Myra,abc@mail.com,877
1270,Sam,cbb@mail.com,962
1271,Jeremiah,aca@yahoo.com,536
1272,Robert,bcc@gmail.com,601
1273,Kelli,bab@yahoo.com,288
1274,Philip,aac@yahoo.com,653
1275,Paul,bca@mail.kz,384
1276,Oscar,bbc@yahoo.com,864
1277,Wanda,aaa@aol.com,385
1278,Laurie,aac@hotmail.com,204
1279,Danielle,bcc@yahoo.com,527
1280,Herbert,caa@yahoo.com,784
1281,Sonia,bac@yahoo.com,555
1282,Thomas,cca@yahoo.com,488
1283,Steven,aba@aol.com,504
1284,Carolyn,ccb@gmail.com,348
1285,Maureen,cca@hotmail.com,186
1286,Spencer,cca@mail.kz,990
1287,Abe,aac@gmail.com,637
1288,Robin,abc@hotmail.com,142
1289,Casey,bab@yahoo.com,437
1290,Christopher,bcc@hotmail.com,617
1291,Michelle,cbb@aol.com,246
1292,Yvonne,cbc@hotmail.com,356
1293,Nellie,bba@mail.com,697
1294,John,ccc@mail.kz,208
1295,Martha,bcc@mail.kz,368
1296,Christine,bca@aol.com,143
1297,Jaime,bbc@mail.com,379
1298,Roosevelt,bbb@mail.kz,586
1299,William,cac@gmail.com,823
1300,Jennifer,bab@mail.kz,313
1301,Sandra,cab@mail.kz,149
1302,Jean,aab@hotmail.com,465
1303,Larry,abc@gmail.com,567
1304,Victor,aab@aol.com,359
1305,Judy,aaa@aol.com,737
1306,Christina,cac@gmail.com,647
1307,Seymour,bca@mail.com,246
1308,Daniel,acc@hotmail.com,283
1309,Mabel,bab@aol.com,565
1310,Margaret,ccb@yahoo.com,489
1311,Sarah,aba@mail.kz,148
1312,Curt,caa@hotmail.com,960
1313,Larry,bcb@mail.com,913
1314,Theo,aaa@mail.com,728
1315,Billy,bab@aol.com,508
1316,Jeffery,cac@mail.com,620
1317,Jasper,bbb@mail.com,759
1318,Vanessa,bcc@hotmail.com,739
1319,Marcus,cac@aol.com,894
1320,Isabel,bbc@hotmail.com,675
1321,Evelyn,caa@aol.com,381
1322,Catherine,aac@mail.kz,264
1323,Patrick,bca@gmail.com,723
1324,Jose,aca@aol.com,417
1325,Danny,cac@hotmail.com,573
1326,Tammie,abb@mail.com,523
1327,Thomas,abc@mail.kz,150
1328,Tyrone,aac@mail.kz,623
1329,Charles,bcc@aol.com,399
1330,Mark,aab@aol.com,668
1331,Tommy,cba@hotmail.com,640
1332,Virginia,bba@mail.kz,104
1333,John,aab@mail.com,604
1334,Lewis,acb@mail.com,345
1335,Jennifer,bcc@yahoo.com,491
1336,Marie,cac@mail.com,900
1337,Naomi,ccb@yahoo.com,122
1338,Andrew,abc@gmail.com,780
1339,Betty,ccb@mail.com,834
1340,Michael,baa@gmail.com,309
1341,Monique,abc@mail.com,990
1342,Erika,baa@gmail.com,702
1343,John,ccc@gmail.com,161
1344,Clark,cba@hotmail.com,625
1345,Ronald,bcb@mail.com,427
1346,Lewis,aaa@hotmail.com,813
1347,Theresa,bab@mail.com,111
1348,Dan,bab@hotmail.com,325
1349,Bernard,bcb@mail.com,814
1350,Kathleen,aca@mail.kz,118
1351,William,acb@aol.com,434
1352,John,aac@mail.com,827
1353,Michelle,abb@mail.com,895
1354,Thomas,cba@gmail.com,154
1355,George,acb@yahoo.com,195
1356,Marshall,bcc@gmail.com,563
1357,Thomas,cbb@hotmail.com,118
1358,Leslie,ccb@mail.com,251
1359,Richard,cbc@gmail.com,911
1360,Andrew,bcc@mail.com,826
1361,Nicholas,cbb@aol.com,525
1362,Eric,bac@mail.com,560
1363,Virgil,aac@mail.kz,796
1364,Fernando,abb@mail.com,170
1365,Latoya,aab@yahoo.com,114
1366,Susan,bca@aol.com,756
1367,Roberto,caa@mail.kz,326
1368,Sarah,cab@mail.kz,519
1369,James,bbb@yahoo.com,524
1370,Angelica,bcc@hotmail.com,768
1371,Edwin,cba@yahoo.com,601
1372,Mildred,bcb@mail.kz,170
1373,Denise,bcb@hotmail.com,323
1374,Jessica,aba@mail.com,836
1375,Pamela,aac@mail.kz,500
1376,Alan,bca@aol.com,657
1377,Carrie,cac@yahoo.com,872
1378,Theresa,aca@aol.com,342
1379,Johnny,cab@aol.com,380
1380,Salvatore,bca@yahoo.com,892
1381,Jeffery,acb@mail.kz,887
1382,Pamula,baa@hotmail.com,422
1383,Graciela,ccc@yahoo.com,677
1384,Roger,cab@mail.kz,726
1385,Stephanie,ccb@hotmail.com,289
1386,Martha,abb@mail.com,890
1387,Christopher,cbc@gmail.com,611
1388,Ashley,ccc@hotmail.com,734
1389,Kevin,abc@yahoo.com,771
1390,Madeline,cca@aol.com,271
1391,Rod,aab@aol.com,641
1392,Marcus,cca@hotmail.com,433
1393,Colby,bbc@aol.com,521
1394,Porter,bcc@mail.com,646
1395,John,ccc@yahoo.com,578
1396,Cindy,abc@yahoo.com,715
1397,James,cab@mail.kz,231
1398,David,cbb@gmail.com,937
1399,Richard,aba@gmail.com,967
1400,Fred,ccc@aol.com,849
1401,Laura,cca@gmail.com,970
1402,Cristal,bac@hotmail.com,211
1403,Leslie,acc@gmail.com,503
1404,Russell,cca@mail.com,375
1405,Leslie,abb@hotmail.com,455
1406,Mario,cbb@mail.kz,324
1407,Marsha,baa@hotmail.com,939
1408,Don,bba@yahoo.com,260
1409,Sylvester,bcb@aol.com,524
1410,John,abc@hotmail.com,874
1411,Theodore,cac@aol.com,988
1412,Priscilla,caa@mail.kz,734
1413,Chelsea,abc@aol.com,359
1414,Linda,aab@mail.com,258
1415,Michael,cbb@hotmail.com,974
1416,Rosa,cac@gmail.com,612
1417,Lorenzo,bba@aol.com,315
1418,Jeffrey,acc@gmail.com,169
1419,Patricia,abc@yahoo.com,732
1420,Terrance,cac@mail.com,391
1421,Kim,aac@aol.com,652
1422,Gene,cba@hotmail.com,717
1423,Hilda,cbc@hotmail.com,881
1424,Muriel,bba@gmail.com,783
1425,Angela,aab@mail.com,117
1426,Joseph,bba@hotmail.com,483
1427,Jennifer,abb@gmail.com,637
1428,Norman,cab@mail.com,958
1429,Ellen,cba@mail.com,813
1430,Cecil,baa@mail.com,682
1431,Beth,cba@yahoo.com,495
1432,Stephan,cba@aol.com,112
1433,Michael,aac@gmail.com,243
1434,Guy,cbc@aol.com,380
1435,Mary,ccb@hotmail.com,747
1436,Debbie,bbc@hotmail.com,827
1437,Julia,bac@mail.com,532
1438,Donnie,cac@mail.com,265
1439,Kyle,cba@aol.com,866
1440,Susan,cba@gmail.com,115
1441,Andrew,bbc@mail.kz,619
1442,Peggy,bcb@yahoo.com,339
1443,Michael,aba@mail.kz,392
1444,Steven,bcc@gmail.com,283
1445,Christina,bbb@mail.kz,677
1446,Sue,abc@aol.com,202
1447,Joseph,aba@mail.kz,765
1448,Winter,cab@gmail.com,589
1449,Emily,bca@mail.kz,303
1450,Michael,baa@mail.kz,259
1451,Melissa,acb@gmail.com,603
1452,Horace,bac@mail.kz,815
1453,Elizabeth,aac@mail.kz,631
1454,John,bcb@mail.com,905
1455,Eugene,ccb@hotmail.com,777
1456,Anna,cbb@gmail.com,560
1457,Nicole,bab@yahoo.com,630
1458,Brenda,bbc@hotmail.com,480
1459,Jeff,ccc@mail.kz,458
1460,Velma,aab@yahoo.com,205
1461,David,cba@hotmail.com,461
1462,Christian,abb@hotmail.com,905
1463,Paul,ccc@mail.kz,412
1464,Edith,aca@mail.com,473
1465,Kelly,bcb@mail.com,322
1466,Rhonda,cab@gmail.com,347
1467,Susan,aac@gmail.com,693
1468,Theodore,ccc@gmail.com,798
1469,Pamela,bcc@hotmail.com,861
1470,Harold,bba@aol.com,479
1471,Patricia,aaa@aol.com,313
1472,Sherrie,aba@hotmail.com,814
1473,Randy,cbb@gmail.com,315
1474,Hazel,bcc@yahoo.com,244
1475,Bill,cba@mail.kz,541
1476,Charles,aba@yahoo.com,963
1477,Hazel,bcb@aol.com,626
1478,Joe,acc@hotmail.com,896
1479,Thomas,ccb@gmail.com,648
1480,Florence,cbc@mail.kz,516
1481,Jimmie,bac@hotmail.com,619
1482,James,bca@mail.com,329
1483,Brian,aca@aol.com,283
1484,Bradley,caa@mail.kz,797
1485,Leslie,bcc@yahoo.com,851
1486,Minh,cac@hotmail.com,486
1487,Ronald,acb@mail.com,578
1488,Lara,ccc@mail.com,778
1489,Heather,aac@yahoo.com,989
1490,Robert,aca@yahoo.com,990
1491,Mary,baa@hotmail.com,714
1492,Anthony,acb@aol.com,778
1493,Carolyn,bab@aol.com,208
1494,Yolanda,cab@gmail.com,889
1495,April,bcc@aol.com,843
1496,Sharon,aab@mail.com,375
1497,Daniel,acc@yahoo.com,854
1498,Mary,aab@mail.com,834
1499,Regina,cab@yahoo.com,350
1500,Evan,aab@mail.com,569
1501,Norene,bbb@hotmail.com,658
1502,Patricia,cbb@yahoo.com,598
1503,Edna,cac@mail.kz,399
1504,Anna,cca@mail.com,650
1505,Tom,caa@mail.kz,398
1506,John,aca@hotmail.com,513
1507,Lisa,cbb@gmail.com,705
1508,Irene,bcc@mail.kz,700
1509,Damian,caa@mail.com,731
1510,Brian,ccc@mail.com,531
1511,Guillermo,ccc@mail.com,366
1512,Beth,bbc@yahoo.com,712
1513,George,ccc@gmail.com,944
1514,Jose,bba@aol.com,979
1515,James,bbb@gmail.com,336
1516,Timothy,aac@mail.kz,943
1517,Michael,bbc@aol.com,503
1518,Martha,caa@mail.com,157
1519,Sandra,caa@gmail.com,164
1520,Jerry,bbc@aol.com,608
1521,Robert,bab@mail.kz,460
1522,Lance,cbc@mail.com,846
1523,Veronica,cca@gmail.com,225
1524,Hortencia,ccb@yahoo.com,922
1525,Irma,cac@yahoo.com,165
1526,Matthew,aab@yahoo.com,273
1527,Brittany,caa@aol.com,659
1528,Grace,bab@mail.kz,678
1529,Benny,aca@yahoo.com,866
1530,Teresa,bba@mail.com,639
1531,Tommie,cab@yahoo.com,161
1532,Debbie,bca@hotmail.com,339
1533,George,cba@gmail.com,214
1534,Verna,cba@mail.com,905
1535,Ena,caa@gmail.com,241
1536,Michael,aab@mail.com,666
1537,Anita,bbb@yahoo.com,985
1538,Matthew,cac@aol.com,112
1539,Mary,aab@gmail.com,986
1540,Anthony,abc@gmail.com,335
1541,Veronica,bab@gmail.com,297
1542,Heriberto,bac@hotmail.com,308
1543,Sylvia,acc@aol.com,836
1544,James,bba@gmail.com,136
1545,Lawrence,aac@aol.com,210
1546,James,ccc@mail.com,802
1547,Patsy,baa@mail.kz,452
1548,Mary,cac@mail.com,372
1549,Jesse,abc@yahoo.com,881
1550,Mavis,aaa@yahoo.com,406
1551,Mary,cbc@gmail.com,309
1552,Maria,aab@gmail.com,719
1553,Tracey,bbc@mail.com,211
1554,Katie,aaa@mail.com,748
1555,Lynda,baa@hotmail.com,954
1556,Orlando,cba@aol.com,483
1557,Martha,bba@mail.kz,180
1558,Ella,cca@gmail.com,504
1559,Thomas,abb@aol.com,851
1560,Sam,baa@hotmail.com,450
1561,Regina,acb@aol.com,604
1562,Margaret,bab@mail.com,523
1563,Jaunita,baa@aol.com,557
1564,Elizabeth,ccc@yahoo.com,931
1565,Clyde,aac@yahoo.com,972
1566,Jeffrey,baa@mail.com,220
1567,Carlos,cba@hotmail.com,751
1568,Myrtle,bbb@mail.com,722
1569,Robert,cac@mail.kz,158
1570,Richard,cbb@mail.kz,232
1571,Sarah,bcb@hotmail.com,452
1572,Zachary,ccc@aol.com,754
1573,Gary,cbc@mail.kz,276
1574,Twyla,aba@yahoo.com,958
1575,Mohammed,bbc@hotmail.com,561
1576,Johnnie,cbc@mail.kz,920
1577,Tiara,abc@aol.com,103
1578,David,bbb@gmail.com,422
1579,Jannette,caa@yahoo.com,173
1580,Brenda,baa@mail.kz,830
1581,Debra,cac@hotmail.com,151
1582,Kristen,cca@yahoo.com,669
1583,Justin,cbb@hotmail.com,817
1584,Wayne,cab@aol.com,319
1585,Olive,cac@mail.kz,868
1586,William,aaa@mail.com,466
1587,Wayne,baa@aol.com,769
1588,Nicholas,bab@mail.kz,835
1589,Edgardo,aaa@aol.com,266
1590,Karen,aac@yahoo.com,229
1591,Brian,bca@aol.com,681
1592,Linda,baa@mail.com,125
1593,Nancy,acb@aol.com,345
1594,Amanda,bba@hotmail.com,645
1595,Gertrude,bba@mail.kz,758
1596,Bill,bca@mail.com,187
1597,Travis,aca@mail.com,402
1598,Rosa,aac@aol.com,435
1599,Raymond,bbc@gmail.com,322
1600,Jennifer,aac@hotmail.com,148
1601,Brain,aaa@gmail.com,329
1602,Luis,cca@hotmail.com,508
1603,Vincent,cac@gmail.com,194
1604,Adella,aac@mail.com,544
1605,Justin,cca@mail.kz,805
1606,Janet,bbc@mail.com,944
1607,William,aaa@mail.com,752
1608,George,cbb@gmail.com,509
1609,Shonda,baa@aol.com,173
1610,Amelia,cbb@gmail.com,642
1611,Freda,abb@mail.kz,426
1612,Anna,aab@yahoo.com,270
1613,William,aba@mail.com,126
1614,James,bbb@gmail.com,155
1615,Estella,aab@aol.com,726
1616,Alfredo,bab@aol.com,672
1617,Mark,caa@mail.kz,193
1618,Cynthia,bba@yahoo.com,375
1619,Mark,ccc@mail.com,474
1620,Adam,bca@yahoo.com,277
1621,Darren,ccc@mail.kz,973
1622,Michael,ccc@mail.kz,297
1623,David,cbc@aol.com,116
1624,Edna,bbb@aol.com,414
1625,Donald,ccc@mail.com,735
1626,Beverly,bbb@hotmail.com,646
1627,Sherry,caa@aol.com,418
1628,Dorothy,aac@aol.com,520
1629,Jan,acc@mail.com,519
1630,Jon,caa@yahoo.com,767
1631,Stephen,aac@mail.kz,226
1632,Brenda,bba@gmail.com,766
1633,Catherine,abc@mail.kz,758
1634,Terry,bbb@gmail.com,306
1635,Ricardo,aac@mail.com,654
1636,Wendell,acc@mail.kz,900
1637,Kia,bba@mail.kz,940
1638,Chloe,cac@mail.com,144
1639,Kenneth,bbb@mail.com,630
1640,Jamie,bba@hotmail.com,959
1641,Paul,cbc@hotmail.com,824
1642,Marcy,aba@mail.kz,789
1643,Margie,cab@mail.com,629
1644,Daniel,acc@yahoo.com,615
1645,Joseph,cab@mail.kz,168
1646,Amos,bcc@yahoo.com,312
1647,Debra,acb@gmail.com,163
1648,Frank,abc@mail.kz,805
1649,Michelle,bca@aol.com,815
1650,Bonita,bcb@mail.kz,486
1651,Patricia,aaa@gmail.com,749
1652,Michele,bbc@hotmail.com,996
1653,Gail,abb@mail.kz,235
1654,Freddie,bba@mail.kz,626
1655,Megan,acb@gmail.com,562
1656,Willie,aaa@gmail.com,949
1657,Frederick,bbc@gmail.com,537
1658,Charolette,bbc@gmail.com,166
1659,Robert,acb@aol.com,123
1660,Leon,caa@hotmail.com,972
1661,Carmela,bbc@mail.kz,674
1662,Devon,abc@yahoo.com,770
1663,Julia,cbb@gmail.com,316
1664,Carolyn,aac@yahoo.com,126
1665,Diane,baa@yahoo.com,552
1666,Sandra,bab@gmail.com,534
1667,Lori,abb@gmail.com,715
1668,Adam,bab@hotmail.com,261
1669,Megan,aca@yahoo.com,894
1670,Paul,aca@mail.com,276
1671,Rocky,bca@hotmail.com,531
1672,Sheryl,caa@mail.com,670
1673,Almeda,cba@aol.com,154
1674,Reina,cab@hotmail.com,898
1675,Jorge,aba@mail.com,311
1676,Karen,bbb@yahoo.com,990
1677,Kathleen,cbc@mail.kz,880
1678,Edward,ccb@mail.kz,361
1679,Kathleen,aac@aol.com,248
1680,Scott,cca@aol.com,532
1681,Lisa,caa@aol.com,991
1682,Shannon,ccb@yahoo.com,359
1683,Kaye,aac@yahoo.com,679
1684,Raymond,cbb@aol.com,667
1685,Diane,bca@yahoo.com,768
1686,Pauline,caa@mail.com,165
1687,Melissa,aba@gmail.com,794
1688,Gail,bcc@mail.kz,883
1689,Raymond,aca@gmail.com,452
1690,William,acb@gmail.com,926
1691,Bradley,cba@gmail.com,348
1692,Bill,acc@gmail.com,235
1693,Billy,abc@hotmail.com,143
1694,Alfonso,ccc@yahoo.com,957
1695,Justin,caa@mail.kz,155
1696,Karen,bbc@mail.com,983
1697,Jennifer,cba@hotmail.com,755
1698,Irma,acc@hotmail.com,567
1699,Elizabeth,acc@yahoo.com,483
1700,Michael,bac@aol.com,304
1701,Claudia,bba@yahoo.com,179
1702,Racheal,bab@yahoo.com,178
1703,Mark,bab@hotmail.com,184
1704,Kevin,bbb@mail.com,734
1705,Garland,bbb@gmail.com,962
1706,Michael,bca@gmail.com,735
1707,Bonnie,cbb@aol.com,203
1708,Jennifer,aca@yahoo.com,485
1709,George,aba@hotmail.com,185
1710,Alice,bab@mail.kz,881
1711,Kevin,aba@gmail.com,602
1712,Kaitlin,bab@mail.com,329
1713,Kevin,bac@mail.com,316
1714,Kathleen,bac@mail.kz,221
1715,Shawn,cab@yahoo.com,320
1716,Lee,cbc@yahoo.com,102
1717,Beverly,aab@yahoo.com,595
1718,Scott,cab@mail.com,738
1719,Lena,bcb@mail.com,554
1720,Sandra,bab@aol.com,220
1721,Brandon,cab@mail.com,978
1722,Robert,aab@hotmail.com,800
1723,Rhonda,aab@hotmail.com,298
1724,James,cab@yahoo.com,355
1725,Bradley,bbc@mail.kz,103
1726,Douglas,cbb@gmail.com,522
1727,Robbie,aca@mail.com,588
1728,Jacqueline,bbb@aol.com,528
1729,Helen,cbc@yahoo.com,844
1730,Judy,ccb@hotmail.com,188
1731,Joyce,aaa@hotmail.com,439
1732,Michael,cac@aol.com,342
1733,Rosalind,baa@mail.com,741
1734,Dennis,bcb@hotmail.com,280
1735,Guy,aab@aol.com,110
1736,Sandra,bcc@mail.com,318
1737,Theodore,cab@yahoo.com,465
1738,Sandra,caa@gmail.com,840
1739,June,acb@hotmail.com,244
1740,Julia,cbb@gmail.com,187
1741,Rochelle,cbb@hotmail.com,157
1742,Miguel,cbb@mail.kz,181
1743,Reginald,bbc@mail.kz,296
1744,Shelby,cab@yahoo.com,505
1745,Gregory,abc@mail.kz,833
1746,Traci,bbc@aol.com,546
1747,Micheal,aba@yahoo.com,951
1748,Martha,acc@yahoo.com,474
1749,Meghan,cca@yahoo.com,798
1750,Karen,cba@aol.com,604
1751,Ada,cca@aol.com,826
1752,Leonard,aaa@gmail.com,120
1753,Carlos,aac@aol.com,513
1754,Milton,aba@aol.com,718
1755,Travis,bbc@mail.com,333
1756,Willie,bca@mail.com,854
1757,Violet,cbb@mail.kz,754
1758,Dawn,aac@mail.com,951
1759,Christopher,abb@aol.com,913
1760,Robert,cbb@yahoo.com,443
1761,John,abc@yahoo.com,830
1762,Donna,cab@yahoo.com,834
1763,Larry,acc@mail.com,147
1764,Arlene,cbc@yahoo.com,488
1765,Brandy,cca@gmail.com,222
1766,Loretta,acc@mail.kz,572
1767,Nicholas,bbc@aol.com,748
1768,Mary,aaa@gmail.com,688
1769,Daniel,bac@gmail.com,249
1770,Jose,cba@mail.com,416
1771,Joseph,abb@mail.kz,909
1772,Paul,ccc@hotmail.com,201
1773,Gerald,aab@yahoo.com,326
1774,Zelma,abb@mail.kz,137
1775,Christopher,caa@gmail.com,406
1776,Carlton,acb@yahoo.com,460
1777,Joseph,cbb@mail.kz,585
1778,Elizabeth,bab@aol.com,771
1779,Brett,abb@mail.kz,356
1780,Mark,bbb@mail.kz,755
1781,Adam,bcb@hotmail.com,832
1782,Martin,cac@yahoo.com,882
1783,Sean,abc@mail.com,951
1784,Karla,aaa@hotmail.com,819
1785,Julie,aba@hotmail.com,858
1786,Barry,ccc@aol.com,632
1787,Saul,ccc@hotmail.com,921
1788,Eliza,aca@hotmail.com,654
1789,Donna,bac@mail.kz,562
1790,Lloyd,bcc@mail.com,480
1791,Charles,aaa@gmail.com,498
1792,Jerry,bba@yahoo.com,819
1793,June,aca@mail.kz,648
1794,Willie,abc@mail.kz,620
1795,Gladys,cbb@mail.com,249
1796,Stephen,cab@mail.com,746
1797,Susan,cbb@gmail.com,546
1798,Richard,abb@hotmail.com,182
1799,Wendy,cac@hotmail.com,437
1800,Missy,acb@mail.com,997
1801,Matt,cbc@aol.com,532
1802,Eloise,bbc@hotmail.com,455
1803,Shirley,bcc@aol.com,198
1804,Joseph,cac@gmail.com,239
1805,Bonnie,caa@mail.kz,118
1806,John,bac@yahoo.com,889
1807,James,bac@gmail.com,838
1808,Danny,aba@gmail.com,949
1809,Mary,aca@mail.kz,400
1810,Shane,bca@yahoo.com,584
1811,Frank,bcb@hotmail.com,510
1812,Peggy,bbb@aol.com,229
1813,Garrett,cca@aol.com,968
1814,Brandi,bba@hotmail.com,306
1815,Michael,abb@gmail.com,940
1816,John,bca@aol.com,957
1817,Harriet,cca@aol.com,644
1818,William,bbb@gmail.com,832
1819,Thomas,bab@mail.kz,976
1820,Mary,bbc@yahoo.com,443
1821,Eric,cba@gmail.com,818
1822,Roberta,acb@aol.com,261
1823,David,bac@gmail.com,302
1824,Joshua,caa@mail.kz,953
1825,James,aca@mail.kz,332
1826,Tom,aca@mail.kz,693
1827,Jason,ccc@mail.kz,908
1828,Blanche,cca@hotmail.com,398
1829,Mary,acb@aol.com,654
1830,Anthony,caa@yahoo.com,305
1831,Danielle,aab@gmail.com,756
1832,Paul,abb@mail.com,648
1833,John,bcb@mail.com,799
1834,Sonia,cbc@mail.kz,908
1835,Obdulia,bcb@aol.com,130
1836,Nicholas,abb@hotmail.com,111
1837,Nancy,abb@gmail.com,436
1838,Alvin,aba@mail.com,246
1839,Ronald,aab@yahoo.com,607
1840,Robert,ccb@yahoo.com,789
1841,John,abb@mail.com,105
1842,Herbert,bca@hotmail.com,259
1843,Lydia,bbb@aol.com,494
1844,Juan,cac@yahoo.com,530
1845,Bill,bca@aol.com,968
1846,Diane,baa@yahoo.com,139
1847,Virginia,bab@gmail.com,406
1848,Donna,baa@gmail.com,880
1849,Tammy,bcc@aol.com,105
1850,Delia,acc@hotmail.com,623
1851,Gary,baa@aol.com,536
1852,David,acb@mail.kz,915
1853,Andrew,aca@aol.com,282
1854,Carolyn,ccb@hotmail.com,945
1855,Luis,aab@hotmail.com,320
1856,Rafael,bbb@aol.com,608
1857,Angela,acc@aol.com,126
1858,Martha,acc@gmail.com,488
1859,Anne,bab@mail.com,663
1860,Robert,bcc@yahoo.com,181
1861,George,aac@gmail.com,635
1862,Michael,abc@mail.com,975
1863,Doris,bbc@hotmail.com,355
1864,Myra,bab@yahoo.com,982
1865,Richard,aaa@yahoo.com,842
1866,Millard,bcc@yahoo.com,779
1867,David,acc@yahoo.com,346
1868,Desiree,bba@yahoo.com,650
1869,Ann,bbc@aol.com,275
1870,Virgil,aba@hotmail.com,701
1871,Evelyn,acc@yahoo.com,733
1872,Amanda,ccc@gmail.com,846
1873,William,bab@yahoo.com,232
1874,Gail,ccc@yahoo.com,917
1875,Elsie,aca@mail.kz,370
1876,Ramiro,cba@mail.com,480
1877,Kathy,cab@hotmail.com,834
1878,Craig,cba@hotmail.com,242
1879,Michael,aaa@gmail.com,888
1880,Peggy,ccb@yahoo.com,684
1881,Jessica,acb@hotmail.com,565
1882,Scott,abc@aol.com,775
1883,Simon,aaa@mail.com,714
1884,Frances,cca@hotmail.com,356
1885,Jules,cab@hotmail.com,651
1886,Stephen,cba@hotmail.com,866
1887,Larry,bac@hotmail.com,317
1888,Jack,cac@aol.com,972
1889,Whitney,aac@aol.com,272
1890,Norma,abb@gmail.com,503
1891,Michele,cbb@mail.kz,189
1892,Amy,caa@aol.com,419
1893,Jeffery,bbc@gmail.com,730
1894,Jeanne,ccb@hotmail.com,548
1895,Patricia,cab@mail.com,779
1896,Krista,acb@gmail.com,203
1897,James,bbc@hotmail.com,668
1898,Jenny,cbc@mail.kz,423
1899,Sachiko,cba@hotmail.com,777
1900,Inell,aba@aol.com,122
1901,Robert,cbc@aol.com,786
1902,Deborah,cca@yahoo.com,603
1903,Christopher,cca@mail.com,386
1904,Melanie,aca@mail.com,789
1905,Jeffery,aba@yahoo.com,856
1906,Erin,bcc@mail.com,103
1907,Jesus,bbc@mail.kz,231
1908,Renay,cbb@yahoo.com,326
1909,Herman,ccb@aol.com,427
1910,Brian,caa@gmail.com,838
1911,Celina,abc@hotmail.com,787
1912,Denise,cac@mail.com,314
1913,Pierre,cbc@hotmail.com,489
1914,Timothy,baa@yahoo.com,749
1915,John,cba@yahoo.com,255
1916,Brett,cac@hotmail.com,930
1917,Amalia,bca@aol.com,319
1918,Joy,bbc@hotmail.com,802
1919,Judy,bac@mail.com,120
1920,Anthony,bca@yahoo.com,159
1921,Kenneth,aba@aol.com,125
1922,Tammy,cbb@yahoo.com,944
1923,Mark,bbc@gmail.com,688
1924,Debbie,bcc@aol.com,117
1925,Arthur,ccb@gmail.com,991
1926,Warren,baa@hotmail.com,707
1927,Mary,bba@hotmail.com,767
1928,Valerie,bcb@mail.kz,167
1929,Helen,cac@yahoo.com,359
1930,Ryan,bac@hotmail.com,418
1931,Donald,bbb@hotmail.com,251
1932,Carey,bba@hotmail.com,733
1933,Angela,cab@aol.com,177
1934,Ronny,cbc@mail.com,573
1935,Curtis,aac@mail.com,377
1936,Virgil,cbc@gmail.com,572
1937,Marguerite,aac@aol.com,331
1938,Veronica,bbb@yahoo.com,835
1939,Cletus,bab@mail.com,944
1940,William,cab@gmail.com,554
1941,Scott,bab@mail.kz,591
1942,Tim,cac@mail.kz,711
1943,Agnes,aab@yahoo.com,241
1944,Marilyn,cab@gmail.com,307
1945,Theodore,ccb@mail.kz,476
1946,Marla,aab@hotmail.com,952
1947,James,cbc@mail.kz,353
1948,Rosanna,baa@yahoo.com,811
1949,Kellie,aca@mail.kz,423
1950,Orval,bca@aol.com,205
1951,Lynn,abb@aol.com,829
1952,John,cab@mail.kz,841
1953,Ruth,bac@aol.com,220
1954,Richard,aaa@yahoo.com,328
1955,Katherine,caa@mail.kz,107
1956,Fred,bbc@mail.com,165
1957,Manuel,acb@mail.com,319
1958,Barry,cab@mail.com,290
1959,Guadalupe,bcb@mail.com,340
1960,Doyle,aca@aol.com,626
1961,Harriett,aab@gmail.com,797
1962,Victor,bac@mail.com,958
1963,Rose,aca@gmail.com,858
1964,Daniel,bac@yahoo.com,902
1965,Adriana,bbb@gmail.com,999
1966,Lynn,cab@mail.kz,278
1967,Ramon,cbb@yahoo.com,772
1968,Timothy,aab@mail.com,178
1969,Thomas,bac@gmail.com,745
1970,Lacy,aab@yahoo.com,374
1971,Gary,aac@mail.com,694
1972,Harold,abc@gmail.com,263
1973,Olivia,caa@yahoo.com,972
1974,Herbert,bab@mail.com,929
1975,Kenneth,cac@aol.com,124
1976,Michael,abc@mail.com,717
1977,Martha,cab@yahoo.com,759
1978,Linda,bcb@gmail.com,923
1979,Marty,aca@aol.com,967
1980,Beatrice,bba@mail.com,388
1981,Pauline,abb@gmail.com,421
1982,Laura,cab@aol.com,808
1983,Mary,bbc@hotmail.com,721
1984,Christian,bab@yahoo.com,825
1985,Brian,bab@yahoo.com,553
1986,Carl,abb@mail.kz,202
1987,Helena,ccc@aol.com,314
1988,Abigail,acb@gmail.com,233
1989,Eddie,abb@gmail.com,466
1990,Michelle,cab@hotmail.com,197
1991,Kelly,baa@yahoo.com,571
1992,Cary,ccc@mail.kz,172
1993,Darryl,bab@hotmail.com,424
1994,James,bcc@mail.kz,892
1995,Amanda,acb@yahoo.com,459
1996,David,aca@hotmail.com,239
1997,Ryan,aca@mail.kz,637
1998,Thomas,abb@mail.kz,309
1999,Alan,cbb@aol.com,648
2000,Eric,baa@mail.kz,139
2001,Jeffrey,abb@yahoo.com,972
2002,Novella,cbc@mail.com,684
2003,Steven,ccb@hotmail.com,141
2004,Karen,aab@gmail.com,927
2005,Brian,cac@aol.com,899
2006,Mark,acc@yahoo.com,166
2007,Nancy,bca@aol.com,277
2008,Betty,abb@hotmail.com,306
2009,Iris,cbc@gmail.com,661
2010,Lois,bbb@aol.com,253
2011,Terry,acc@gmail.com,180
2012,William,aac@gmail.com,894
2013,Dawn,baa@hotmail.com,888
2014,Thomas,aba@aol.com,778
2015,Wilma,bbc@hotmail.com,228
2016,James,bab@gmail.com,785
2017,John,bcb@aol.com,489
2018,Cheryl,cbb@hotmail.com,630
2019,Dawn,abc@gmail.com,298
2020,Anna,bcc@aol.com,237
2021,Diana,ccc@mail.kz,761
2022,Mitchell,bab@gmail.com,924
2023,Colleen,aac@yahoo.com,327
2024,Jeff,cac@mail.kz,696
2025,Mary,cba@yahoo.com,634
2026,Catherine,bca@gmail.com,959
2027,Chanel,aca@mail.kz,636
2028,John,cbb@gmail.com,119
2029,Kevin,bcc@mail.kz,828
2030,Jessie,acc@gmail.com,614
2031,Eric,bac@yahoo.com,302
2032,Jacob,aaa@aol.com,890
2033,Patrick,ccc@hotmail.com,137
2034,Steve,bca@hotmail.com,320
2035,Walter,ccb@gmail.com,607
2036,Tony,aca@mail.com,598
2037,Jessica,bbc@yahoo.com,784
2038,Kevin,aca@mail.kz,546
2039,Ray,ccb@yahoo.com,885
2040,Jessica,aac@yahoo.com,942
2041,Winnifred,aca@aol.com,183
2042,John,bcc@mail.kz,363
2043,Lavonda,bcc@hotmail.com,534
2044,Ann,bbb@yahoo.com,868
2045,Salvatore,aab@aol.com,228
2046,Dean,aab@hotmail.com,306
2047,Della,bba@mail.com,162
2048,Marvin,bca@mail.kz,647
2049,Bruce,cbb@hotmail.com,346
2050,Geoffrey,ccc@hotmail.com,531
2051,Eric,aba@hotmail.com,855
2052,Jason,bbb@aol.com,381
2053,Alvin,cba@mail.com,823
2054,Tyler,cca@mail.kz,392
2055,Margaret,abc@yahoo.com,713
2056,Kathy,cba@mail.com,984
2057,Sharon,bab@mail.kz,717
2058,William,aba@yahoo.com,911
2059,Barbar,aab@gmail.com,752
2060,Doris,aaa@hotmail.com,361
2061,Lavonne,abc@aol.com,206
2062,David,bac@mail.com,423
2063,Donald,cbb@yahoo.com,741
2064,Blaine,cab@aol.com,991
2065,Dorothy,aac@gmail.com,438
2066,Cynthia,acc@mail.kz,461
2067,Andrea,cba@mail.com,696
2068,Brent,cab@mail.com,610
2069,Barb,ccb@mail.com,536
2070,Luella,aca@mail.com,921
2071,Kevin,aca@gmail.com,521
2072,Ethel,bba@mail.kz,864
2073,James,aaa@gmail.com,899
2074,Ida,cab@aol.com,309
2075,Charles,baa@gmail.com,114
2076,Helen,bac@hotmail.com,246
2077,David,aac@mail.kz,853
2078,Walter,abc@hotmail.com,145
2079,Lois,bcc@mail.kz,809
2080,Heather,bac@aol.com,310
2081,Roderick,abc@gmail.com,627
2082,Simon,bca@yahoo.com,523
2083,Kevin,bab@aol.com,615
2084,Paul,aba@hotmail.com,868
2085,Wallace,bbc@mail.com,858
2086,Maureen,cab@gmail.com,413
2087,Patricia,cca@gmail.com,981
2088,Charles,acc@gmail.com,833
2089,Shirley,acc@aol.com,929
2090,Trenton,bcb@aol.com,430
2091,Glen,cba@mail.kz,299
2092,Steve,caa@hotmail.com,840
2093,Bonnie,ccc@aol.com,104
2094,Judith,aab@mail.kz,549
2095,Adeline,aca@hotmail.com,876
2096,Classie,bac@aol.com,439
2097,Jordan,aba@hotmail.com,911
2098,Vickie,cca@hotmail.com,248
2099,John,bab@mail.com,426
2100,Chad,abb@aol.com,373
